DE,PARA,MENSAGEM
https://www.elastobor.com.br/tatame-de-eva-evasola-20mm-preto-200x100-metros/p,https://www.elastobor.com.br/tatame-de-eva-evasola-20mm-verde-200x100-metros/p,
https://www.elastobor.com.br/mangueira-ibira-pvc-cristal-trancada-1%E2%80%9D-pt-250/p,https://www.elastobor.com.br/mangueira-ibira-pvc-cristal-trancada-5-16-pt-250/p,
https://www.elastobor.com.br/adaptador-mangueira-de-gas-maqenge-rosca-externa-1-2--macho/p,https://www.elastobor.com.br/adaptador-mangueira-de-gas-maqenge-rosca-interna-1-2--femea/p,
https://www.elastobor.com.br/mangueira-ibira-pvc-hidro-ar-pt-300-1%E2%80%9D-preta/p,https://www.elastobor.com.br/mangueira-pvc-hidro-ar-ibira-pt-300-preta-1-2/p,
https://www.elastobor.com.br/saco-elastobor-de-rafia-para-entulho-100-x-60cm/p,https://www.elastobor.com.br/saco-de-rafia-elastobor-para-entulho-100-x-60cm/p,
https://www.elastobor.com.br/mangueira-ibira-pvc-hidro-ar-pt-300-1-2%E2%80%9D-preta/p,https://www.elastobor.com.br/mangueira-pvc-hidro-ar-ibira-pt-300-preta-1-2/p,
https://www.elastobor.com.br/pistola-fischer-aplicadora-de-silicone-e-chumbador-quimico/p,https://www.elastobor.com.br/pistola-aplicadora-de-silicone-e-chumbador-quimico-fischer/p,
https://www.elastobor.com.br/bico-de-torneira-tramontina-para-engate-rapido-3-4-x-1-2-/p,https://www.elastobor.com.br/bico-de-torneira-tramontina-para-engate-rapido-3-4-x-1-2/p,
https://www.elastobor.com.br/mangueira-ibira-pvc-vacuo-ar-leve-1%E2%80%9D-cinza/p,https://www.elastobor.com.br/mangueira-ibira-pvc-vacuo-ar-leve-3-4-cinza/p,
https://www.elastobor.com.br/mangueira-ibira-pvc-cristal-trancada-1-4-pt-250/p,https://www.elastobor.com.br/mangueira-de-pvc-ibira-cristal-trancada-1-2-pt-250/p,
https://www.elastobor.com.br/tapete-duo-kapazi-para-secagem-com-borda-90-x-130cm-preto/p,https://www.elastobor.com.br/tapete-duo-kapazi-para-secagem-com-borda-90-x-130cm-cinza/p,
https://www.elastobor.com.br/roda-pu-moldado-schioppa-r82-pr-8-polegadas-700kg/p,https://www.elastobor.com.br/roda-pu-moldado-schioppa-r82-pr-8-polegadas-900kg/p,
https://www.elastobor.com.br/oleo-para-motor-lubrax-essencial-sl-15w40-1-litro/p,https://www.elastobor.com.br/oleo-para-motor-lubrax-essencial-sl-1-litro/p,
https://www.elastobor.com.br/churrasqueira-de-apartamento-quality-para-6-espetos/p,https://www.elastobor.com.br/churrasqueira-de-apartamento-quality-para-6-espetos/p,"URLs idênticas, possível retorno ao estoque"
https://www.elastobor.com.br/adesivo-tekbond-trava-parafusos-media-resistencia-115-50g/p,https://www.elastobor.com.br/adesivo-trava-parafusos-tekbond-media-resistencia-115-50g/p,
https://www.elastobor.com.br/mangueira-ibira-pvc-hidro-ar-pt-300-5-8-preta/p,https://www.elastobor.com.br/mangueira-pvc-hidro-ar-ibira-pt-300-preta-5-8/p,
https://www.elastobor.com.br/sinalizador-capte-de-garagem-led-bivolt-34cm/p,https://www.elastobor.com.br/sinalizador-capte-de-garagem-led-bivolt-31cm/p,
https://www.elastobor.com.br/corda-elastobor-de-polipropileno-trancada-branca-60mm/p,https://www.elastobor.com.br/corda-elastobor-de-polipropileno-trancada-branca-40mm/p,
https://www.elastobor.com.br/bota-de-pvc-marluvas-vulcaflex-cano-alto-com-forro-preta/p,https://www.elastobor.com.br/bota-de-pvc-marluvas-all-work-cano-alto-com-forro-preta/p,
https://www.elastobor.com.br/roda-de-ferro-fundido-schioppa-r-312-fn/p,https://www.elastobor.com.br/roda-de-ferro-fundido-r-312-fn/p,
https://www.elastobor.com.br/roda-celeron-schioppa-r-514-c-5-300kg/p,https://www.elastobor.com.br/roda-celeron-schioppa-r-514-c-300kg/p,
https://www.elastobor.com.br/engate-rapido-tramontina-para-mangueira-1-2-com-stop/p,https://www.elastobor.com.br/engate---rapido---tramontina---para---mangueira---1-2---com---stop/p,
https://www.elastobor.com.br/bota-de-pvc-marluvas-vulcaflex-cano-alto-solado-amarelo/p,https://www.elastobor.com.br/bota-de-pvc-marluvas-all-work-cano-alto-solado-amarelo/p,
https://www.elastobor.com.br/ventilador-de-parede-ventisol-60cm-3-pas-preto-bivolt/p,https://www.elastobor.com.br/ventilador-de-parede-ventisol-60cm-3-pas-200w-preto-bivolt/p,
https://www.elastobor.com.br/alcool-gel-asseptgel-antisseptico-para-maos-440g/p,https://www.elastobor.com.br/alcool-gel-asseptgel-antisseptico-para-maos-420g/p,
https://www.elastobor.com.br/lona-vinil-elastobor-5x35mt-kp500-de-caminhao-laranja-preto/p,https://www.elastobor.com.br/lona-vinil-elastobor-4x3mt-kp500-de-caminhao-laranja-preto/p,
https://www.elastobor.com.br/roda-poliuretano-moldado-schioppa-r-312-pn-200kg/p,https://www.elastobor.com.br/roda-poliuretano-moldado-schioppa-r-312-pn-170kg/p,
https://www.elastobor.com.br/tatame-de-eva-evasola-20mm-preto-100x100-metros/p,https://www.elastobor.com.br/tatame-de-eva-evasola-20mm-amarelo-100x100-metros/p,
https://www.elastobor.com.br/tapete-sanitizante-kapazi-dupla-funcao-40x80cm/p,https://www.elastobor.com.br/tapete-sanitizante-kapazi-dupla-funcao-40-x-78cm/p,
https://www.elastobor.com.br/cortina-frigorifica-extrulex-cristal-pvc-em-tiras-200mm-x-2mm/p,https://www.elastobor.com.br/cortina-frigorifica-extruflex-cristal-pvc-em-tiras-200mm-x-2mm/p,
https://www.elastobor.com.br/mangueira-ibira-pvc-5-16-x-13mm-para-chuveiro-branca/p,https://www.elastobor.com.br/mangueira-pvc-para-chuveiro-ibira-branca-5-16-x-1-3mm/p,
https://www.elastobor.com.br/macacao-saneamento-brascamp-r589-tam-g-com-bota-n-41/p,https://www.elastobor.com.br/macacao-saneamento-brascamp-r594-tam-g-com-bota-n-46/p,
https://www.elastobor.com.br/engate-rapido-tramontina-para-mangueira-5-8-e-3-4/p,https://www.elastobor.com.br/engate---rapido---tramontina---para---mangueira---5-8---e---3-4/p,
https://www.elastobor.com.br/tapete-sanitizante-70x100cm-tapete-para-entrada-60x100cm-pt/p,https://www.elastobor.com.br/tapete-sanitizante-90-x-130cm-tapete-para-entrada-60-x-130cm-pt/p,
https://www.elastobor.com.br/furadeira-e-parafusadeira-vonder-3-8--pfv012-bateria-bivolt/p,https://www.elastobor.com.br/furadeira-e-parafusadeira-vonder-3-8--fpv-300-127v/p,
https://www.elastobor.com.br/adesivo-tekbond-trava-parafusos-alta-resistencia-122-50g/p,https://www.elastobor.com.br/adesivo-trava-parafusos-tekbond-alta-resistencia-122-50g/p,
https://www.elastobor.com.br/porta-papel-higienico-jsn-elite-plastico-branco-ate-400mt/p,https://www.elastobor.com.br/porta-papel-higienico-jsn-elite-rle1-branco-ate-400mt/p,
https://www.elastobor.com.br/luva-danny-latex-silver-grip-tamanho-9-g-azul/p,https://www.elastobor.com.br/luva-danny-latex-silver-grip-tamanho-9-g-amarela/p,
https://www.elastobor.com.br/adesivo-tekbond-trava-parafusos-alta-resistencia-128-50g/p,https://www.elastobor.com.br/adesivo-trava-parafusos-tekbond-alta-resistencia-128-50g/p,
https://www.elastobor.com.br/adesivo-tekbond-instantaneo-725-20g/p,https://www.elastobor.com.br/adesivo-instantaneo-tekbond-725-20g/p,
https://www.elastobor.com.br/tapete-sanitizante-90x130cm-tapete-para-entrada-60x130cm-pt/p,https://www.elastobor.com.br/tapete-sanitizante-90-x-130cm-tapete-para-entrada-60-x-130cm-pt/p,
https://www.elastobor.com.br/tapete-sanitizante-90-x-130cm---tapete-duo-90-x-130cm-preto/p,https://www.elastobor.com.br/tapete-sanitizante-90-x-130cm-tapete-duo-90-x-130cm-preto/p,
https://www.elastobor.com.br/protetor-para-pele-luvex-water-proof-uso-profissional-200g/p,https://www.elastobor.com.br/protetor-para-pele-industrial-luvex-uso-profissional-200g/p,
https://www.elastobor.com.br/porta-papel-toalha-jsn-elite-plastico-branco-cinza-3-dobras/p,https://www.elastobor.com.br/porta-papel-toalha-jsn-start-tls1-branco-cinza-3-dobras/p,
https://www.elastobor.com.br/porta-papel-higienico-jsn-start-s13-plastico-branco-400mt/p,https://www.elastobor.com.br/porta-papel-higienico-jsn-elite-rle1-branco-ate-400mt/p,
https://www.elastobor.com.br/placa-sinalize-sinalizacao-proibido-estacionar-cg-dg-30x20cm/p,https://www.elastobor.com.br/placa-sinalize-de-sinalizacao-proibido-estacionar-45x45cm/p,
https://www.elastobor.com.br/fita-dupla-face-3m-12mm-x-2mts-auto-espuma-acrilica/p,https://www.elastobor.com.br/fita-dupla-face-3m-12mm-x-3mts-auto-espuma-acrilica/p,
https://www.elastobor.com.br/fita-antiderrapante-kapazi-rolo-50mm-x-20mt-cinza/p,https://www.elastobor.com.br/fita-antiderrapante-kapazi-preta-rolo-50mm-x-5mt/p,
https://www.elastobor.com.br/tapete-sanitizante-70-x-100cm---tapete-duo-70-x-100cm-preto/p,https://www.elastobor.com.br/tapete-sanitizante-70-x-100cm-tapete-duo-70-x-100cm-preto/p,
https://www.elastobor.com.br/saco-elastobor-de-lixo-100-litros-com-10-unidades-preto/p,https://www.elastobor.com.br/saco-de-lixo-100-litros-elastobor-preto-10-unidades/p,
https://www.elastobor.com.br/porta-papel-toalha-jsn-start-rls1-branco-cinza-ate-400m/p,https://www.elastobor.com.br/porta-papel-higienico-jsn-start-rls1-branco-cinza-ate-400m/p,
https://www.elastobor.com.br/porta-papel-toalha-jsn-elite-plastico-branco-ate-3-dobras/p,https://www.elastobor.com.br/porta-papel-toalha-jsn-start-tls1-branco-cinza-3-dobras/p,
https://www.elastobor.com.br/mangueira-super-flexivel-de-jardim-ibira-laranja-3-4-x-3mm/p,https://www.elastobor.com.br/mangueira-super-flexivel-de-jardim-ibira-laranja-3-4/p,
https://www.elastobor.com.br/mangueira-super-flexivel-de-jardim-ibira-laranja-1-x-3mm/p,https://www.elastobor.com.br/mangueira-super-flexivel-de-jardim-ibira-laranja-1-2/p,
https://www.elastobor.com.br/mangueira-de-jardim-elastobor-valente-verde-3-4-x-3/p,https://www.elastobor.com.br/mangueira-de-jardim-elastobor-valente-verde-3-4-x-3mm/p,
https://www.elastobor.com.br/mangueira-de-gas-maqenge-80cm-registro-de-valvula-adaptador/p,https://www.elastobor.com.br/mangueira-de-gas-maqenge-1-2mt-registro-de-valvula-adaptador/p,
https://www.elastobor.com.br/mangueira-de-gas-maqenge-50cm-registro-de-valvula-adaptador/p,https://www.elastobor.com.br/mangueira-de-gas-maqenge-1-2mt-registro-de-valvula-adaptador/p,
https://www.elastobor.com.br/mangueira-de-gas-maqenge-1mt-registro-de-valvula-adaptador/p,https://www.elastobor.com.br/mangueira-de-gas-maqenge-1-2mt-registro-de-valvula-adaptador/p,
https://www.elastobor.com.br/macacao-saneamento-brascamp-r588-tam-g-com-bota-n-40/p,https://www.elastobor.com.br/macacao-saneamento-brascamp-r594-tam-g-com-bota-n-46/p,
https://www.elastobor.com.br/fita-isolante-tigre-uso-geral-5-metros/p,https://www.elastobor.com.br/fita-isolante-tigre-uso-geral-10-metros/p,
https://www.elastobor.com.br/fita-dupla-face-3m-espuma-4026-19mm-x-20mm/p,https://www.elastobor.com.br/fita-dupla-face-3m-19mm-x-5mts-vhb-4026-espuma-branca/p,
https://www.elastobor.com.br/fita---3m---isolante---imperial---18cm---x---10m---amarela/p,https://www.elastobor.com.br/fita-isolante-imperial-3m-18mm-x-10m-amarela/p,
https://www.elastobor.com.br/esguicho-rosqueavel-tramontina-para-mangueira-de-1-2-/p,https://www.elastobor.com.br/esguicho-rosqueavel-tramontina-para-mangueira-de-1-2/p,
https://www.elastobor.com.br/amortecedor-vibra-stop-coxim-n%C2%B0-1-5-16--tracao-14kg/p,https://www.elastobor.com.br/amortecedor-vibra-stop-coxim-n-1-tracao-5-16-14kg/p,
https://www.elastobor.com.br/tubo-espiral-pu-elastobor-10cm-x-7cm-com-12-metros-azul/p,https://www.elastobor.com.br/tubo-espiral-pu-elastobor-10-x-7mm-com-12-metros-azul/p,
https://www.elastobor.com.br/tinta-colorgin-spray-uso-interno-metalik-prata-400ml/p,https://www.elastobor.com.br/tinta-metalik-uso-interno-colorgin-spray-prata-350ml/p,
https://www.elastobor.com.br/tapete-sanitizante-38x58cm---tapete-para-entrada-39x59cm-gf/p,https://www.elastobor.com.br/tapete-sanitizante-38-x-58cm-tapete-para-entrada-39-x-59cm-gf/p,
https://www.elastobor.com.br/tapete-sanitizante-38x58cm---tapete-para-entrada-39x59cm-az/p,https://www.elastobor.com.br/tapete-sanitizante-38-x-58cm-tapete-para-entrada-39-x-59cm-az/p,
https://www.elastobor.com.br/tapete-sanitizante-38-x-58cm---tapete-magico-60-x-40cm/p,https://www.elastobor.com.br/tapete-sanitizante-38-x-58cm-tapete-magico-60-x-40cm/p,
https://www.elastobor.com.br/silicone-superfex-loctite-maxx-alta-temperatura-vermelho-80g/p,https://www.elastobor.com.br/silicone-superfex-loctite-maxx-alta-temperatura-cinza-80g/p,
https://www.elastobor.com.br/sensor-de-presenca-para-iluminacao-intelbras-espi-180/p,https://www.elastobor.com.br/sensor-de-presenca-para-iluminacao-intelbras-espi-180e-/p,
https://www.elastobor.com.br/ombrelone-suspenso-mor-azul-3-metros/p,https://www.elastobor.com.br/ombrelone-suspenso-mor-fps-100-malibu-azul-3-metros/p,
https://www.elastobor.com.br/mascara-de-solda-ledan-celeron-visor-articulado-catraca-735/p,https://www.elastobor.com.br/mascara-de-solda-polipropileno-ledan-visor-fixo-catraca-720/p,
https://www.elastobor.com.br/mangueira-de-jardim-ibira-valente-preta-3-4-polegada/p,https://www.elastobor.com.br/mangueira-de-jardim-ibira-valente-preta-1-2-polegada/p,
https://www.elastobor.com.br/macacao-saneamento-brascamp-r592-tam-g-com-bota-n-44/p,https://www.elastobor.com.br/macacao-saneamento-brascamp-r594-tam-g-com-bota-n-46/p,
https://www.elastobor.com.br/lixeira-jsn-plastica-sem-tampa-12-litros-vermelha/p,https://www.elastobor.com.br/lixeira-plastica-jsn-sem-tampa-12-litros-vermelha/p,
https://www.elastobor.com.br/kit-furadeira-impacto-600w-esmerilhadeira-600w-stanley-220v/p,https://www.elastobor.com.br/kit-furadeira-impacto-600-w---esmerilhadeira-600w-stanley-220-v/p,
https://www.elastobor.com.br/fita-3m-isolante-imperial-18cm-x-10m-vermelha/p,https://www.elastobor.com.br/fita-isolante-imperial-3m-18mm-x-10m-vermelha/p,
https://www.elastobor.com.br/cone-flexivel-kteli-laranja-branco-50cm/p,https://www.elastobor.com.br/cone-flexivel-plastcor-laranja-branco-50cm/p,
https://www.elastobor.com.br/capa-de-chuva-pvc-brascamp-com-forro-amarela-g/p,https://www.elastobor.com.br/capa-de-chuva-pvc-capere-com-forro-amarela-g/p,
https://www.elastobor.com.br/botijao-soprano-termico-oasis-5lt-vermelho/p,https://www.elastobor.com.br/botijao-soprano-termico-oasis-5lt-azul/p,
